{"generated":"2026-07-15T07:33:07.736Z","source":"FIRST EPSS","count":146,"scores":{"CVE-2008-0015":{"epss":0.76647,"percentile":0.9949},"CVE-2008-4128":{"epss":0.23857,"percentile":0.97565},"CVE-2008-4250":{"epss":0.98751,"percentile":0.99921},"CVE-2009-0238":{"epss":0.43063,"percentile":0.98571},"CVE-2009-1537":{"epss":0.51207,"percentile":0.98808},"CVE-2009-3459":{"epss":0.86583,"percentile":0.99717},"CVE-2010-0249":{"epss":0.91885,"percentile":0.99805},"CVE-2010-0806":{"epss":0.82172,"percentile":0.99619},"CVE-2012-1854":{"epss":0.21028,"percentile":0.97283},"CVE-2017-7921":{"epss":0.99998,"percentile":0.99989},"CVE-2018-14634":{"epss":0.14806,"percentile":0.96293},"CVE-2019-19006":{"epss":0.36615,"percentile":0.98316},"CVE-2020-7796":{"epss":0.85416,"percentile":0.99694},"CVE-2020-9715":{"epss":0.48441,"percentile":0.98729},"CVE-2021-22054":{"epss":0.97713,"percentile":0.99896},"CVE-2021-22175":{"epss":0.53372,"percentile":0.98864},"CVE-2021-22681":{"epss":0.25455,"percentile":0.97706},"CVE-2021-30952":{"epss":0.07617,"percentile":0.93858},"CVE-2021-39935":{"epss":0.35649,"percentile":0.98273},"CVE-2022-0492":{"epss":0.05528,"percentile":0.91897},"CVE-2022-20775":{"epss":0.12475,"percentile":0.95753},"CVE-2023-21529":{"epss":0.62104,"percentile":0.9908},"CVE-2023-27351":{"epss":0.77388,"percentile":0.99505},"CVE-2023-36424":{"epss":0.12184,"percentile":0.9569},"CVE-2023-41974":{"epss":0.0141,"percentile":0.69523},"CVE-2023-43000":{"epss":0.03955,"percentile":0.89233},"CVE-2024-1708":{"epss":0.87624,"percentile":0.9974},"CVE-2024-21182":{"epss":0.49689,"percentile":0.98762},"CVE-2024-27199":{"epss":0.99991,"percentile":0.99985},"CVE-2024-37079":{"epss":0.22377,"percentile":0.97415},"CVE-2024-43468":{"epss":0.60661,"percentile":0.99041},"CVE-2024-57726":{"epss":0.09328,"percentile":0.94805},"CVE-2024-57728":{"epss":0.07549,"percentile":0.9381},"CVE-2024-7399":{"epss":0.91941,"percentile":0.99807},"CVE-2024-7694":{"epss":0.01807,"percentile":0.76043},"CVE-2025-11953":{"epss":0.62378,"percentile":0.99087},"CVE-2025-15556":{"epss":0.01268,"percentile":0.66382},"CVE-2025-26399":{"epss":0.8833,"percentile":0.99753},"CVE-2025-29635":{"epss":0.87239,"percentile":0.99732},"CVE-2025-2749":{"epss":0.03854,"percentile":0.88933},"CVE-2025-31277":{"epss":0.01481,"percentile":0.7093},"CVE-2025-32432":{"epss":0.99803,"percentile":0.99957},"CVE-2025-32975":{"epss":0.02417,"percentile":0.82242},"CVE-2025-34291":{"epss":0.7889,"percentile":0.99549},"CVE-2025-40536":{"epss":0.81624,"percentile":0.99602},"CVE-2025-40551":{"epss":0.8413,"percentile":0.99665},"CVE-2025-43510":{"epss":0.00355,"percentile":0.27614},"CVE-2025-43520":{"epss":0.00408,"percentile":0.32887},"CVE-2025-47813":{"epss":0.56366,"percentile":0.98943},"CVE-2025-48595":{"epss":0.01714,"percentile":0.74742},"CVE-2025-48700":{"epss":0.01761,"percentile":0.75389},"CVE-2025-49113":{"epss":0.94741,"percentile":0.99847},"CVE-2025-52691":{"epss":0.85457,"percentile":0.99696},"CVE-2025-53521":{"epss":0.02213,"percentile":0.8056},"CVE-2025-54068":{"epss":0.95376,"percentile":0.99858},"CVE-2025-60710":{"epss":0.04666,"percentile":0.90694},"CVE-2025-64328":{"epss":0.84618,"percentile":0.99676},"CVE-2025-66376":{"epss":0.12009,"percentile":0.95652},"CVE-2025-67038":{"epss":0.00889,"percentile":0.55146},"CVE-2025-68461":{"epss":0.19769,"percentile":0.97098},"CVE-2025-68613":{"epss":0.97875,"percentile":0.99901},"CVE-2025-68645":{"epss":0.31769,"percentile":0.98095},"CVE-2026-0257":{"epss":0.86678,"percentile":0.99719},"CVE-2026-0300":{"epss":0.32074,"percentile":0.98115},"CVE-2026-10520":{"epss":0.99041,"percentile":0.99927},"CVE-2026-11645":{"epss":0.01654,"percentile":0.73842},"CVE-2026-12569":{"epss":0.01247,"percentile":0.65855},"CVE-2026-1281":{"epss":0.81231,"percentile":0.99594},"CVE-2026-1340":{"epss":0.8404,"percentile":0.99663},"CVE-2026-1603":{"epss":0.8056,"percentile":0.99579},"CVE-2026-1731":{"epss":0.88115,"percentile":0.99749},"CVE-2026-20122":{"epss":0.07016,"percentile":0.93426},"CVE-2026-20127":{"epss":0.57793,"percentile":0.98975},"CVE-2026-20128":{"epss":0.05269,"percentile":0.91608},"CVE-2026-20131":{"epss":0.27551,"percentile":0.97847},"CVE-2026-20133":{"epss":0.10245,"percentile":0.95145},"CVE-2026-20182":{"epss":0.88496,"percentile":0.99755},"CVE-2026-20230":{"epss":0.41694,"percentile":0.98524},"CVE-2026-20245":{"epss":0.25323,"percentile":0.97694},"CVE-2026-20253":{"epss":0.88171,"percentile":0.9975},"CVE-2026-20262":{"epss":0.07683,"percentile":0.93898},"CVE-2026-20700":{"epss":0.01319,"percentile":0.6751},"CVE-2026-20963":{"epss":0.2943,"percentile":0.97963},"CVE-2026-21385":{"epss":0.01068,"percentile":0.60885},"CVE-2026-21509":{"epss":0.72152,"percentile":0.99363},"CVE-2026-21510":{"epss":0.25835,"percentile":0.97732},"CVE-2026-21513":{"epss":0.15384,"percentile":0.96403},"CVE-2026-21514":{"epss":0.01517,"percentile":0.71609},"CVE-2026-21519":{"epss":0.0242,"percentile":0.82258},"CVE-2026-21525":{"epss":0.04956,"percentile":0.91174},"CVE-2026-21533":{"epss":0.03846,"percentile":0.88914},"CVE-2026-21643":{"epss":0.94085,"percentile":0.99836},"CVE-2026-22719":{"epss":0.17424,"percentile":0.9677},"CVE-2026-22769":{"epss":0.13131,"percentile":0.9591},"CVE-2026-23760":{"epss":0.96268,"percentile":0.99871},"CVE-2026-24061":{"epss":0.98871,"percentile":0.99922},"CVE-2026-24423":{"epss":0.87693,"percentile":0.99741},"CVE-2026-24858":{"epss":0.85844,"percentile":0.99703},"CVE-2026-25108":{"epss":0.04974,"percentile":0.91201},"CVE-2026-28318":{"epss":0.10659,"percentile":0.95283},"CVE-2026-2441":{"epss":0.2202,"percentile":0.97383},"CVE-2026-31431":{"epss":0.96267,"percentile":0.99871},"CVE-2026-32201":{"epss":0.22808,"percentile":0.97463},"CVE-2026-32202":{"epss":0.64095,"percentile":0.99133},"CVE-2026-33017":{"epss":0.98191,"percentile":0.99908},"CVE-2026-33634":{"epss":0.60368,"percentile":0.99036},"CVE-2026-33825":{"epss":0.06749,"percentile":0.93198},"CVE-2026-34197":{"epss":0.96666,"percentile":0.99877},"CVE-2026-34621":{"epss":0.07086,"percentile":0.93484},"CVE-2026-34908":{"epss":0.02452,"percentile":0.82513},"CVE-2026-34909":{"epss":0.02269,"percentile":0.81022},"CVE-2026-34910":{"epss":0.78555,"percentile":0.99538},"CVE-2026-34926":{"epss":0.12682,"percentile":0.95801},"CVE-2026-35273":{"epss":0.9233,"percentile":0.99812},"CVE-2026-35616":{"epss":0.88505,"percentile":0.99756},"CVE-2026-39987":{"epss":0.95645,"percentile":0.99862},"CVE-2026-3055":{"epss":0.83996,"percentile":0.99663},"CVE-2026-3502":{"epss":0.0575,"percentile":0.92194},"CVE-2026-3909":{"epss":0.01629,"percentile":0.7345},"CVE-2026-3910":{"epss":0.02,"percentile":0.78427},"CVE-2026-41091":{"epss":0.08371,"percentile":0.94318},"CVE-2026-41940":{"epss":0.981,"percentile":0.99906},"CVE-2026-42208":{"epss":0.86607,"percentile":0.99718},"CVE-2026-42271":{"epss":0.80188,"percentile":0.99572},"CVE-2026-42897":{"epss":0.0564,"percentile":0.92044},"CVE-2026-45247":{"epss":0.27546,"percentile":0.97846},"CVE-2026-45321":{"epss":0.02342,"percentile":0.81664},"CVE-2026-45498":{"epss":0.63076,"percentile":0.99106},"CVE-2026-45659":{"epss":0.03219,"percentile":0.86744},"CVE-2026-48027":{"epss":0.0185,"percentile":0.76636},"CVE-2026-48172":{"epss":0.18914,"percentile":0.96966},"CVE-2026-48282":{"epss":0.28583,"percentile":0.9791},"CVE-2026-48558":{"epss":0.0116,"percentile":0.63429},"CVE-2026-48907":{"epss":0.80425,"percentile":0.99576},"CVE-2026-48908":{"epss":0.01569,"percentile":0.72484},"CVE-2026-48939":{"epss":0.01505,"percentile":0.71385},"CVE-2026-50751":{"epss":0.70099,"percentile":0.99302},"CVE-2026-54420":{"epss":0.01261,"percentile":0.66209},"CVE-2026-55255":{"epss":0.0056,"percentile":0.42695},"CVE-2026-56290":{"epss":0.02912,"percentile":0.8539},"CVE-2026-56291":{"epss":0.00836,"percentile":0.53505},"CVE-2026-5281":{"epss":0.05036,"percentile":0.91279},"CVE-2026-6973":{"epss":0.34454,"percentile":0.98225},"CVE-2026-7473":{"epss":0.00836,"percentile":0.53482},"CVE-2026-8398":{"epss":0.01456,"percentile":0.70448},