{"generated":"2026-07-11T07:26:50.037Z","source":"FIRST EPSS","count":150,"scores":{"CVE-2008-0015":{"epss":0.76647,"percentile":0.99489},"CVE-2008-4250":{"epss":0.98751,"percentile":0.99921},"CVE-2009-0238":{"epss":0.43063,"percentile":0.98566},"CVE-2009-1537":{"epss":0.50926,"percentile":0.98798},"CVE-2009-3459":{"epss":0.86468,"percentile":0.99713},"CVE-2010-0249":{"epss":0.91885,"percentile":0.99805},"CVE-2010-0806":{"epss":0.82172,"percentile":0.99618},"CVE-2012-1854":{"epss":0.21028,"percentile":0.97277},"CVE-2017-7921":{"epss":0.99998,"percentile":0.99989},"CVE-2018-14634":{"epss":0.14806,"percentile":0.96289},"CVE-2019-19006":{"epss":0.36615,"percentile":0.98311},"CVE-2020-7796":{"epss":0.85416,"percentile":0.99694},"CVE-2020-9715":{"epss":0.48441,"percentile":0.98726},"CVE-2021-22054":{"epss":0.97713,"percentile":0.99896},"CVE-2021-22175":{"epss":0.53372,"percentile":0.98862},"CVE-2021-22681":{"epss":0.25455,"percentile":0.97701},"CVE-2021-30952":{"epss":0.07617,"percentile":0.93844},"CVE-2021-39935":{"epss":0.35649,"percentile":0.98267},"CVE-2022-0492":{"epss":0.05528,"percentile":0.91884},"CVE-2022-20775":{"epss":0.12475,"percentile":0.95745},"CVE-2023-21529":{"epss":0.62104,"percentile":0.99078},"CVE-2023-27351":{"epss":0.7842,"percentile":0.99532},"CVE-2023-36424":{"epss":0.12184,"percentile":0.95679},"CVE-2023-41974":{"epss":0.0141,"percentile":0.69472},"CVE-2023-43000":{"epss":0.03955,"percentile":0.89213},"CVE-2024-1708":{"epss":0.87624,"percentile":0.99738},"CVE-2024-21182":{"epss":0.49689,"percentile":0.98759},"CVE-2024-27199":{"epss":0.99991,"percentile":0.99985},"CVE-2024-37079":{"epss":0.22377,"percentile":0.97412},"CVE-2024-43468":{"epss":0.60661,"percentile":0.99038},"CVE-2024-57726":{"epss":0.09328,"percentile":0.94791},"CVE-2024-57728":{"epss":0.07549,"percentile":0.93796},"CVE-2024-7399":{"epss":0.91941,"percentile":0.99807},"CVE-2024-7694":{"epss":0.01807,"percentile":0.76003},"CVE-2025-11953":{"epss":0.62378,"percentile":0.99084},"CVE-2025-15556":{"epss":0.01268,"percentile":0.66329},"CVE-2025-26399":{"epss":0.8833,"percentile":0.99752},"CVE-2025-29635":{"epss":0.87239,"percentile":0.9973},"CVE-2025-2749":{"epss":0.03854,"percentile":0.88913},"CVE-2025-31125":{"epss":0.58765,"percentile":0.98996},"CVE-2025-31277":{"epss":0.01481,"percentile":0.70888},"CVE-2025-32432":{"epss":0.99803,"percentile":0.99957},"CVE-2025-32975":{"epss":0.02417,"percentile":0.82205},"CVE-2025-34026":{"epss":0.83479,"percentile":0.9965},"CVE-2025-34291":{"epss":0.7889,"percentile":0.99547},"CVE-2025-40536":{"epss":0.81624,"percentile":0.996},"CVE-2025-40551":{"epss":0.8413,"percentile":0.99665},"CVE-2025-43510":{"epss":0.00348,"percentile":0.26919},"CVE-2025-43520":{"epss":0.00401,"percentile":0.32173},"CVE-2025-47813":{"epss":0.56366,"percentile":0.98938},"CVE-2025-48595":{"epss":0.01714,"percentile":0.74698},"CVE-2025-48700":{"epss":0.01761,"percentile":0.75347},"CVE-2025-49113":{"epss":0.89462,"percentile":0.99769},"CVE-2025-52691":{"epss":0.85457,"percentile":0.99695},"CVE-2025-53521":{"epss":0.02246,"percentile":0.80797},"CVE-2025-54068":{"epss":0.95376,"percentile":0.99858},"CVE-2025-54313":{"epss":0.04146,"percentile":0.89655},"CVE-2025-60710":{"epss":0.04666,"percentile":0.90673},"CVE-2025-64328":{"epss":0.84618,"percentile":0.99676},"CVE-2025-66376":{"epss":0.12009,"percentile":0.95638},"CVE-2025-67038":{"epss":0.00889,"percentile":0.5509},"CVE-2025-68461":{"epss":0.19769,"percentile":0.97093},"CVE-2025-68613":{"epss":0.97875,"percentile":0.99901},"CVE-2025-68645":{"epss":0.31769,"percentile":0.98091},"CVE-2026-0257":{"epss":0.86678,"percentile":0.99717},"CVE-2026-0300":{"epss":0.32074,"percentile":0.98111},"CVE-2026-10520":{"epss":0.99041,"percentile":0.99926},"CVE-2026-11645":{"epss":0.01654,"percentile":0.73795},"CVE-2026-12569":{"epss":0.01247,"percentile":0.65803},"CVE-2026-1281":{"epss":0.81231,"percentile":0.99593},"CVE-2026-1340":{"epss":0.8404,"percentile":0.99663},"CVE-2026-1603":{"epss":0.8056,"percentile":0.99578},"CVE-2026-1731":{"epss":0.88115,"percentile":0.99748},"CVE-2026-20045":{"epss":0.04307,"percentile":0.9},"CVE-2026-20122":{"epss":0.07016,"percentile":0.93413},"CVE-2026-20127":{"epss":0.57793,"percentile":0.9897},"CVE-2026-20128":{"epss":0.05269,"percentile":0.91588},"CVE-2026-20131":{"epss":0.27551,"percentile":0.9784},"CVE-2026-20133":{"epss":0.10245,"percentile":0.95135},"CVE-2026-20182":{"epss":0.88496,"percentile":0.99754},"CVE-2026-20230":{"epss":0.41694,"percentile":0.98518},"CVE-2026-20245":{"epss":0.25323,"percentile":0.97689},"CVE-2026-20253":{"epss":0.88171,"percentile":0.99749},"CVE-2026-20262":{"epss":0.07683,"percentile":0.93883},"CVE-2026-20700":{"epss":0.01319,"percentile":0.67462},"CVE-2026-20805":{"epss":0.05028,"percentile":0.91248},"CVE-2026-20963":{"epss":0.31109,"percentile":0.98056},"CVE-2026-21385":{"epss":0.01068,"percentile":0.60835},"CVE-2026-21509":{"epss":0.72152,"percentile":0.9936},"CVE-2026-21510":{"epss":0.25835,"percentile":0.97726},"CVE-2026-21513":{"epss":0.15384,"percentile":0.96397},"CVE-2026-21514":{"epss":0.01517,"percentile":0.71566},"CVE-2026-21519":{"epss":0.0242,"percentile":0.82222},"CVE-2026-21525":{"epss":0.04956,"percentile":0.91153},"CVE-2026-21533":{"epss":0.03846,"percentile":0.88893},"CVE-2026-21643":{"epss":0.94085,"percentile":0.99836},"CVE-2026-22719":{"epss":0.17424,"percentile":0.96763},"CVE-2026-22769":{"epss":0.13131,"percentile":0.95903},"CVE-2026-23760":{"epss":0.96268,"percentile":0.99871},"CVE-2026-24061":{"epss":0.98871,"percentile":0.99922},"CVE-2026-24423":{"epss":0.87693,"percentile":0.9974},"CVE-2026-24858":{"epss":0.85844,"percentile":0.99702},"CVE-2026-25108":{"epss":0.04974,"percentile":0.9118},"CVE-2026-28318":{"epss":0.10659,"percentile":0.95272},"CVE-2026-2441":{"epss":0.2202,"percentile":0.97377},"CVE-2026-31431":{"epss":0.96267,"percentile":0.99871},"CVE-2026-32201":{"epss":0.24172,"percentile":0.97588},"CVE-2026-32202":{"epss":0.64095,"percentile":0.9913},"CVE-2026-33017":{"epss":0.98191,"percentile":0.99908},"CVE-2026-33634":{"epss":0.60368,"percentile":0.99032},"CVE-2026-33825":{"epss":0.06749,"percentile":0.93197},"CVE-2026-34197":{"epss":0.96666,"percentile":0.99877},"CVE-2026-34621":{"epss":0.07086,"percentile":0.93472},"CVE-2026-34908":{"epss":0.02452,"percentile":0.82478},"CVE-2026-34909":{"epss":0.02269,"percentile":0.80985},"CVE-2026-34910":{"epss":0.78555,"percentile":0.99537},"CVE-2026-34926":{"epss":0.12682,"percentile":0.95794},"CVE-2026-35273":{"epss":0.9233,"percentile":0.99811},"CVE-2026-35616":{"epss":0.88505,"percentile":0.99755},"CVE-2026-39987":{"epss":0.95645,"percentile":0.99861},"CVE-2026-3055":{"epss":0.83996,"percentile":0.99663},"CVE-2026-3502":{"epss":0.0575,"percentile":0.92181},"CVE-2026-3909":{"epss":0.01629,"percentile":0.73402},"CVE-2026-3910":{"epss":0.02,"percentile":0.78388},"CVE-2026-41091":{"epss":0.08371,"percentile":0.94306},"CVE-2026-41940":{"epss":0.981,"percentile":0.99906},"CVE-2026-42208":{"epss":0.86607,"percentile":0.99715},"CVE-2026-42271":{"epss":0.80188,"percentile":0.99571},"CVE-2026-42897":{"epss":0.0564,"percentile":0.92032},"CVE-2026-45247":{"epss":0.27546,"percentile":0.9784},"CVE-2026-45321":{"epss":0.02342,"percentile":0.81628},"CVE-2026-45498":{"epss":0.63076,"percentile":0.99103},"CVE-2026-45659":{"epss":0.03219,"percentile":0.86723},"CVE-2026-48027":{"epss":0.0185,"percentile":0.76595},"CVE-2026-48172":{"epss":0.18914,"percentile":0.9696},"CVE-2026-48282":{"epss":0.28583,"percentile":0.97906},"CVE-2026-48558":{"epss":0.0116,"percentile":0.63372},"CVE-2026-48907":{"epss":0.80425,"percentile":0.99575},"CVE-2026-48908":{"epss":0.01569,"percentile":0.72434},"CVE-2026-48939":{"epss":0.00564,"percentile":0.42883},"CVE-2026-50751":{"epss":0.70099,"percentile":0.993},"CVE-2026-54420":{"epss":0.01261,"percentile":0.66157},"CVE-2026-55255":{"epss":0.00467,"percentile":0.37271},"CVE-2026-56290":{"epss":0.02912,"percentile":0.85362},"CVE-2026-56291":{"epss":0.00278,"percentile":0.19623},