{"generated":"2026-07-16T07:48:05.464Z","source":"FIRST EPSS","count":150,"scores":{"CVE-2008-0015":{"epss":0.76647,"percentile":0.99491},"CVE-2008-4128":{"epss":0.23857,"percentile":0.97571},"CVE-2008-4250":{"epss":0.98751,"percentile":0.99921},"CVE-2009-0238":{"epss":0.43063,"percentile":0.98575},"CVE-2009-1537":{"epss":0.51207,"percentile":0.98811},"CVE-2009-3459":{"epss":0.86583,"percentile":0.99718},"CVE-2010-0249":{"epss":0.91885,"percentile":0.99806},"CVE-2010-0806":{"epss":0.82172,"percentile":0.9962},"CVE-2012-1854":{"epss":0.21028,"percentile":0.9729},"CVE-2017-7921":{"epss":0.99998,"percentile":0.99989},"CVE-2018-14634":{"epss":0.14806,"percentile":0.96301},"CVE-2019-19006":{"epss":0.36615,"percentile":0.98321},"CVE-2020-7796":{"epss":0.85416,"percentile":0.99695},"CVE-2020-9715":{"epss":0.48441,"percentile":0.98733},"CVE-2021-22054":{"epss":0.97713,"percentile":0.99896},"CVE-2021-22175":{"epss":0.53372,"percentile":0.98867},"CVE-2021-22681":{"epss":0.25455,"percentile":0.97712},"CVE-2021-30952":{"epss":0.07617,"percentile":0.93871},"CVE-2021-39935":{"epss":0.35649,"percentile":0.98278},"CVE-2022-0492":{"epss":0.05528,"percentile":0.91916},"CVE-2022-20775":{"epss":0.12475,"percentile":0.95763},"CVE-2023-21529":{"epss":0.62104,"percentile":0.99083},"CVE-2023-27351":{"epss":0.77388,"percentile":0.99506},"CVE-2023-36424":{"epss":0.12184,"percentile":0.957},"CVE-2023-41974":{"epss":0.0141,"percentile":0.69595},"CVE-2023-43000":{"epss":0.03955,"percentile":0.89259},"CVE-2023-4346":{"epss":0.00483,"percentile":0.38438},"CVE-2024-1708":{"epss":0.87624,"percentile":0.99741},"CVE-2024-21182":{"epss":0.49689,"percentile":0.98766},"CVE-2024-27199":{"epss":0.99991,"percentile":0.99985},"CVE-2024-43468":{"epss":0.6111,"percentile":0.99058},"CVE-2024-57726":{"epss":0.09328,"percentile":0.94818},"CVE-2024-57728":{"epss":0.07549,"percentile":0.93822},"CVE-2024-7399":{"epss":0.91941,"percentile":0.99807},"CVE-2024-7694":{"epss":0.01807,"percentile":0.76101},"CVE-2025-11953":{"epss":0.62378,"percentile":0.99089},"CVE-2025-15556":{"epss":0.01268,"percentile":0.66461},"CVE-2025-26399":{"epss":0.8833,"percentile":0.99754},"CVE-2025-29635":{"epss":0.87239,"percentile":0.99733},"CVE-2025-2749":{"epss":0.03854,"percentile":0.88961},"CVE-2025-31277":{"epss":0.01481,"percentile":0.70998},"CVE-2025-32432":{"epss":0.99803,"percentile":0.99957},"CVE-2025-32975":{"epss":0.02417,"percentile":0.82284},"CVE-2025-34291":{"epss":0.7889,"percentile":0.9955},"CVE-2025-40536":{"epss":0.81624,"percentile":0.99603},"CVE-2025-40551":{"epss":0.8413,"percentile":0.99665},"CVE-2025-43510":{"epss":0.00355,"percentile":0.27679},"CVE-2025-43520":{"epss":0.00408,"percentile":0.32963},"CVE-2025-47813":{"epss":0.56366,"percentile":0.98945},"CVE-2025-48595":{"epss":0.01714,"percentile":0.748},"CVE-2025-48700":{"epss":0.01761,"percentile":0.7545},"CVE-2025-49113":{"epss":0.94741,"percentile":0.99848},"CVE-2025-52691":{"epss":0.85457,"percentile":0.99697},"CVE-2025-53521":{"epss":0.02213,"percentile":0.80606},"CVE-2025-54068":{"epss":0.95376,"percentile":0.99858},"CVE-2025-60710":{"epss":0.04666,"percentile":0.90715},"CVE-2025-64328":{"epss":0.84618,"percentile":0.99677},"CVE-2025-66376":{"epss":0.12009,"percentile":0.95662},"CVE-2025-67038":{"epss":0.00889,"percentile":0.55243},"CVE-2025-68461":{"epss":0.19769,"percentile":0.97106},"CVE-2025-68613":{"epss":0.97875,"percentile":0.99901},"CVE-2026-0257":{"epss":0.86678,"percentile":0.9972},"CVE-2026-0300":{"epss":0.32074,"percentile":0.9812},"CVE-2026-10520":{"epss":0.99041,"percentile":0.99927},"CVE-2026-11645":{"epss":0.01654,"percentile":0.73896},"CVE-2026-12569":{"epss":0.01247,"percentile":0.65934},"CVE-2026-15409":{"epss":0.01404,"percentile":0.69483},"CVE-2026-15410":{"epss":0.01647,"percentile":0.73801},"CVE-2026-1281":{"epss":0.81231,"percentile":0.99595},"CVE-2026-1340":{"epss":0.8404,"percentile":0.99664},"CVE-2026-1603":{"epss":0.8056,"percentile":0.9958},"CVE-2026-1731":{"epss":0.88115,"percentile":0.9975},"CVE-2026-20122":{"epss":0.07016,"percentile":0.93439},"CVE-2026-20127":{"epss":0.57793,"percentile":0.98978},"CVE-2026-20128":{"epss":0.05269,"percentile":0.91628},"CVE-2026-20131":{"epss":0.27551,"percentile":0.97852},"CVE-2026-20133":{"epss":0.10245,"percentile":0.95157},"CVE-2026-20182":{"epss":0.88496,"percentile":0.99756},"CVE-2026-20230":{"epss":0.41694,"percentile":0.98528},"CVE-2026-20245":{"epss":0.25323,"percentile":0.977},"CVE-2026-20253":{"epss":0.88171,"percentile":0.99751},"CVE-2026-20262":{"epss":0.07683,"percentile":0.93911},"CVE-2026-20700":{"epss":0.01319,"percentile":0.67586},"CVE-2026-20963":{"epss":0.2943,"percentile":0.97969},"CVE-2026-21385":{"epss":0.01068,"percentile":0.60975},"CVE-2026-21509":{"epss":0.72152,"percentile":0.99365},"CVE-2026-21510":{"epss":0.25835,"percentile":0.97739},"CVE-2026-21513":{"epss":0.15384,"percentile":0.96411},"CVE-2026-21514":{"epss":0.01517,"percentile":0.71676},"CVE-2026-21519":{"epss":0.0242,"percentile":0.82301},"CVE-2026-21525":{"epss":0.04956,"percentile":0.91195},"CVE-2026-21533":{"epss":0.03846,"percentile":0.88941},"CVE-2026-21643":{"epss":0.94085,"percentile":0.99836},"CVE-2026-22719":{"epss":0.17424,"percentile":0.96777},"CVE-2026-22769":{"epss":0.13131,"percentile":0.95919},"CVE-2026-23760":{"epss":0.96268,"percentile":0.99871},"CVE-2026-24061":{"epss":0.98871,"percentile":0.99922},"CVE-2026-24423":{"epss":0.87693,"percentile":0.99742},"CVE-2026-24858":{"epss":0.85844,"percentile":0.99704},"CVE-2026-25108":{"epss":0.04974,"percentile":0.91221},"CVE-2026-28318":{"epss":0.10659,"percentile":0.95295},"CVE-2026-2441":{"epss":0.2202,"percentile":0.97389},"CVE-2026-31431":{"epss":0.96267,"percentile":0.99871},"CVE-2026-32201":{"epss":0.22808,"percentile":0.97469},"CVE-2026-32202":{"epss":0.64095,"percentile":0.99135},"CVE-2026-33017":{"epss":0.98191,"percentile":0.99909},"CVE-2026-33634":{"epss":0.60368,"percentile":0.99039},"CVE-2026-33825":{"epss":0.06749,"percentile":0.93212},"CVE-2026-34197":{"epss":0.96666,"percentile":0.99877},"CVE-2026-34621":{"epss":0.07086,"percentile":0.93498},"CVE-2026-34908":{"epss":0.02452,"percentile":0.82555},"CVE-2026-34909":{"epss":0.02269,"percentile":0.81067},"CVE-2026-34910":{"epss":0.78555,"percentile":0.99539},"CVE-2026-34926":{"epss":0.12682,"percentile":0.95811},"CVE-2026-35273":{"epss":0.9233,"percentile":0.99812},"CVE-2026-35616":{"epss":0.88505,"percentile":0.99757},"CVE-2026-39987":{"epss":0.95645,"percentile":0.99862},"CVE-2026-3055":{"epss":0.83996,"percentile":0.99664},"CVE-2026-3502":{"epss":0.0575,"percentile":0.92212},"CVE-2026-3909":{"epss":0.01629,"percentile":0.73504},"CVE-2026-3910":{"epss":0.02,"percentile":0.7848},"CVE-2026-41091":{"epss":0.08371,"percentile":0.94332},"CVE-2026-41940":{"epss":0.981,"percentile":0.99907},"CVE-2026-42208":{"epss":0.86607,"percentile":0.99719},"CVE-2026-42271":{"epss":0.80188,"percentile":0.99574},"CVE-2026-42897":{"epss":0.0564,"percentile":0.92062},"CVE-2026-45247":{"epss":0.27546,"percentile":0.97852},"CVE-2026-45321":{"epss":0.02342,"percentile":0.81707},"CVE-2026-45498":{"epss":0.63076,"percentile":0.99108},"CVE-2026-45659":{"epss":0.03219,"percentile":0.86777},"CVE-2026-46817":{"epss":0.00677,"percentile":0.48111},"CVE-2026-48027":{"epss":0.0185,"percentile":0.76693},"CVE-2026-48172":{"epss":0.18914,"percentile":0.96973},"CVE-2026-48282":{"epss":0.28583,"percentile":0.97916},"CVE-2026-48558":{"epss":0.0116,"percentile":0.63517},"CVE-2026-48907":{"epss":0.80425,"percentile":0.99577},"CVE-2026-48908":{"epss":0.01569,"percentile":0.72547},"CVE-2026-48939":{"epss":0.01505,"percentile":0.71451},"CVE-2026-50751":{"epss":0.70099,"percentile":0.99304},"CVE-2026-54420":{"epss":0.01261,"percentile":0.66287},"CVE-2026-55255":{"epss":0.0056,"percentile":0.42783},"CVE-2026-56155":{"epss":0.00379,"percentile":0.30119},"CVE-2026-56164":{"epss":0.07047,"percentile":0.93465},"CVE-2026-56290":{"epss":0.02912,"percentile":0.85426},"CVE-2026-56291":{"epss":0.00836,"percentile":0.53597},