{"generated":"2026-07-13T08:36:21.397Z","source":"FIRST EPSS","count":150,"scores":{"CVE-2008-0015":{"epss":0.76647,"percentile":0.9949},"CVE-2008-4250":{"epss":0.98751,"percentile":0.99921},"CVE-2009-0238":{"epss":0.43063,"percentile":0.9857},"CVE-2009-1537":{"epss":0.50926,"percentile":0.988},"CVE-2009-3459":{"epss":0.86468,"percentile":0.99715},"CVE-2010-0249":{"epss":0.91885,"percentile":0.99805},"CVE-2010-0806":{"epss":0.82172,"percentile":0.99618},"CVE-2012-1854":{"epss":0.21028,"percentile":0.97281},"CVE-2017-7921":{"epss":0.99998,"percentile":0.99989},"CVE-2018-14634":{"epss":0.14806,"percentile":0.96292},"CVE-2019-19006":{"epss":0.36615,"percentile":0.98315},"CVE-2020-7796":{"epss":0.85416,"percentile":0.99695},"CVE-2020-9715":{"epss":0.48441,"percentile":0.98728},"CVE-2021-22054":{"epss":0.97713,"percentile":0.99897},"CVE-2021-22175":{"epss":0.53372,"percentile":0.98865},"CVE-2021-22681":{"epss":0.25455,"percentile":0.97705},"CVE-2021-30952":{"epss":0.07617,"percentile":0.9385},"CVE-2021-39935":{"epss":0.35649,"percentile":0.98271},"CVE-2022-0492":{"epss":0.05528,"percentile":0.91888},"CVE-2022-20775":{"epss":0.12475,"percentile":0.9575},"CVE-2023-21529":{"epss":0.62104,"percentile":0.99079},"CVE-2023-27351":{"epss":0.7842,"percentile":0.99532},"CVE-2023-36424":{"epss":0.12184,"percentile":0.95682},"CVE-2023-41974":{"epss":0.0141,"percentile":0.69495},"CVE-2023-43000":{"epss":0.03955,"percentile":0.89221},"CVE-2024-1708":{"epss":0.87624,"percentile":0.9974},"CVE-2024-21182":{"epss":0.49689,"percentile":0.98761},"CVE-2024-27199":{"epss":0.99991,"percentile":0.99985},"CVE-2024-37079":{"epss":0.22377,"percentile":0.97415},"CVE-2024-43468":{"epss":0.60661,"percentile":0.9904},"CVE-2024-57726":{"epss":0.09328,"percentile":0.94798},"CVE-2024-57728":{"epss":0.07549,"percentile":0.93802},"CVE-2024-7399":{"epss":0.91941,"percentile":0.99807},"CVE-2024-7694":{"epss":0.01807,"percentile":0.76021},"CVE-2025-11953":{"epss":0.62378,"percentile":0.99086},"CVE-2025-15556":{"epss":0.01268,"percentile":0.66356},"CVE-2025-26399":{"epss":0.8833,"percentile":0.99753},"CVE-2025-29635":{"epss":0.87239,"percentile":0.99732},"CVE-2025-2749":{"epss":0.03854,"percentile":0.88921},"CVE-2025-31125":{"epss":0.58765,"percentile":0.98998},"CVE-2025-31277":{"epss":0.01481,"percentile":0.70905},"CVE-2025-32432":{"epss":0.99803,"percentile":0.99957},"CVE-2025-32975":{"epss":0.02417,"percentile":0.82222},"CVE-2025-34026":{"epss":0.83479,"percentile":0.99651},"CVE-2025-34291":{"epss":0.7889,"percentile":0.99548},"CVE-2025-40536":{"epss":0.81624,"percentile":0.99601},"CVE-2025-40551":{"epss":0.8413,"percentile":0.99665},"CVE-2025-43510":{"epss":0.00355,"percentile":0.27585},"CVE-2025-43520":{"epss":0.00408,"percentile":0.32847},"CVE-2025-47813":{"epss":0.56366,"percentile":0.98941},"CVE-2025-48595":{"epss":0.01714,"percentile":0.74716},"CVE-2025-48700":{"epss":0.01761,"percentile":0.75364},"CVE-2025-49113":{"epss":0.94741,"percentile":0.99847},"CVE-2025-52691":{"epss":0.85457,"percentile":0.99696},"CVE-2025-53521":{"epss":0.02213,"percentile":0.80539},"CVE-2025-54068":{"epss":0.95376,"percentile":0.99858},"CVE-2025-54313":{"epss":0.04146,"percentile":0.89666},"CVE-2025-60710":{"epss":0.04666,"percentile":0.90681},"CVE-2025-64328":{"epss":0.84618,"percentile":0.99676},"CVE-2025-66376":{"epss":0.12009,"percentile":0.95641},"CVE-2025-67038":{"epss":0.00889,"percentile":0.55109},"CVE-2025-68461":{"epss":0.19769,"percentile":0.97095},"CVE-2025-68613":{"epss":0.97875,"percentile":0.99901},"CVE-2025-68645":{"epss":0.31769,"percentile":0.98094},"CVE-2026-0257":{"epss":0.86678,"percentile":0.99719},"CVE-2026-0300":{"epss":0.32074,"percentile":0.98115},"CVE-2026-10520":{"epss":0.99041,"percentile":0.99926},"CVE-2026-11645":{"epss":0.01654,"percentile":0.73815},"CVE-2026-12569":{"epss":0.01247,"percentile":0.65828},"CVE-2026-1281":{"epss":0.81231,"percentile":0.99593},"CVE-2026-1340":{"epss":0.8404,"percentile":0.99664},"CVE-2026-1603":{"epss":0.8056,"percentile":0.99578},"CVE-2026-1731":{"epss":0.88115,"percentile":0.99749},"CVE-2026-20045":{"epss":0.04307,"percentile":0.90009},"CVE-2026-20122":{"epss":0.07016,"percentile":0.93418},"CVE-2026-20127":{"epss":0.57793,"percentile":0.98974},"CVE-2026-20128":{"epss":0.05269,"percentile":0.91596},"CVE-2026-20131":{"epss":0.27551,"percentile":0.97844},"CVE-2026-20133":{"epss":0.10245,"percentile":0.95139},"CVE-2026-20182":{"epss":0.88496,"percentile":0.99755},"CVE-2026-20230":{"epss":0.41694,"percentile":0.98522},"CVE-2026-20245":{"epss":0.25323,"percentile":0.97692},"CVE-2026-20253":{"epss":0.88171,"percentile":0.9975},"CVE-2026-20262":{"epss":0.07683,"percentile":0.93889},"CVE-2026-20700":{"epss":0.01319,"percentile":0.67482},"CVE-2026-20805":{"epss":0.05028,"percentile":0.91257},"CVE-2026-20963":{"epss":0.2943,"percentile":0.97961},"CVE-2026-21385":{"epss":0.01068,"percentile":0.60855},"CVE-2026-21509":{"epss":0.72152,"percentile":0.99362},"CVE-2026-21510":{"epss":0.25835,"percentile":0.9773},"CVE-2026-21513":{"epss":0.15384,"percentile":0.964},"CVE-2026-21514":{"epss":0.01517,"percentile":0.71584},"CVE-2026-21519":{"epss":0.0242,"percentile":0.82239},"CVE-2026-21525":{"epss":0.04956,"percentile":0.91162},"CVE-2026-21533":{"epss":0.03846,"percentile":0.88901},"CVE-2026-21643":{"epss":0.94085,"percentile":0.99836},"CVE-2026-22719":{"epss":0.17424,"percentile":0.96767},"CVE-2026-22769":{"epss":0.13131,"percentile":0.95907},"CVE-2026-23760":{"epss":0.96268,"percentile":0.99871},"CVE-2026-24061":{"epss":0.98871,"percentile":0.99922},"CVE-2026-24423":{"epss":0.87693,"percentile":0.99741},"CVE-2026-24858":{"epss":0.85844,"percentile":0.99703},"CVE-2026-25108":{"epss":0.04974,"percentile":0.91189},"CVE-2026-28318":{"epss":0.10659,"percentile":0.95277},"CVE-2026-2441":{"epss":0.2202,"percentile":0.97381},"CVE-2026-31431":{"epss":0.96267,"percentile":0.99871},"CVE-2026-32201":{"epss":0.22808,"percentile":0.97463},"CVE-2026-32202":{"epss":0.64095,"percentile":0.99132},"CVE-2026-33017":{"epss":0.98191,"percentile":0.99908},"CVE-2026-33634":{"epss":0.60368,"percentile":0.99034},"CVE-2026-33825":{"epss":0.06749,"percentile":0.93201},"CVE-2026-34197":{"epss":0.96666,"percentile":0.99877},"CVE-2026-34621":{"epss":0.07086,"percentile":0.93476},"CVE-2026-34908":{"epss":0.02452,"percentile":0.82492},"CVE-2026-34909":{"epss":0.02269,"percentile":0.81},"CVE-2026-34910":{"epss":0.78555,"percentile":0.99538},"CVE-2026-34926":{"epss":0.12682,"percentile":0.95798},"CVE-2026-35273":{"epss":0.9233,"percentile":0.99811},"CVE-2026-35616":{"epss":0.88505,"percentile":0.99756},"CVE-2026-39987":{"epss":0.95645,"percentile":0.99861},"CVE-2026-3055":{"epss":0.83996,"percentile":0.99663},"CVE-2026-3502":{"epss":0.0575,"percentile":0.92187},"CVE-2026-3909":{"epss":0.01629,"percentile":0.73421},"CVE-2026-3910":{"epss":0.02,"percentile":0.78406},"CVE-2026-41091":{"epss":0.08371,"percentile":0.94312},"CVE-2026-41940":{"epss":0.981,"percentile":0.99906},"CVE-2026-42208":{"epss":0.86607,"percentile":0.99717},"CVE-2026-42271":{"epss":0.80188,"percentile":0.99572},"CVE-2026-42897":{"epss":0.0564,"percentile":0.92037},"CVE-2026-45247":{"epss":0.27546,"percentile":0.97844},"CVE-2026-45321":{"epss":0.02342,"percentile":0.81645},"CVE-2026-45498":{"epss":0.63076,"percentile":0.99105},"CVE-2026-45659":{"epss":0.03219,"percentile":0.86733},"CVE-2026-48027":{"epss":0.0185,"percentile":0.76613},"CVE-2026-48172":{"epss":0.18914,"percentile":0.96963},"CVE-2026-48282":{"epss":0.28583,"percentile":0.97909},"CVE-2026-48558":{"epss":0.0116,"percentile":0.63396},"CVE-2026-48907":{"epss":0.80425,"percentile":0.99576},"CVE-2026-48908":{"epss":0.01569,"percentile":0.72453},"CVE-2026-48939":{"epss":0.01505,"percentile":0.7136},"CVE-2026-50751":{"epss":0.70099,"percentile":0.99301},"CVE-2026-54420":{"epss":0.01261,"percentile":0.66183},"CVE-2026-55255":{"epss":0.00467,"percentile":0.37296},"CVE-2026-56290":{"epss":0.02912,"percentile":0.85374},"CVE-2026-56291":{"epss":0.00836,"percentile":0.5347},