{"generated":"2026-07-05T20:41:11.904Z","source":"FIRST EPSS","count":150,"scores":{"CVE-2008-0015":{"epss":0.76647,"percentile":0.99487},"CVE-2008-4250":{"epss":0.98751,"percentile":0.9992},"CVE-2009-0238":{"epss":0.43063,"percentile":0.98561},"CVE-2009-0556":{"epss":0.67539,"percentile":0.99223},"CVE-2009-1537":{"epss":0.50926,"percentile":0.98795},"CVE-2009-3459":{"epss":0.86468,"percentile":0.99713},"CVE-2010-0249":{"epss":0.91885,"percentile":0.99805},"CVE-2010-0806":{"epss":0.82172,"percentile":0.99616},"CVE-2012-1854":{"epss":0.21028,"percentile":0.97267},"CVE-2017-7921":{"epss":0.99998,"percentile":0.99989},"CVE-2018-14634":{"epss":0.14806,"percentile":0.9628},"CVE-2019-19006":{"epss":0.36615,"percentile":0.98305},"CVE-2020-7796":{"epss":0.85416,"percentile":0.99692},"CVE-2020-9715":{"epss":0.48441,"percentile":0.98723},"CVE-2021-22054":{"epss":0.97713,"percentile":0.99896},"CVE-2021-22175":{"epss":0.53372,"percentile":0.98858},"CVE-2021-22681":{"epss":0.25455,"percentile":0.97694},"CVE-2021-30952":{"epss":0.07617,"percentile":0.93827},"CVE-2021-39935":{"epss":0.35649,"percentile":0.98262},"CVE-2022-0492":{"epss":0.05528,"percentile":0.91863},"CVE-2022-20775":{"epss":0.12475,"percentile":0.95728},"CVE-2023-21529":{"epss":0.62104,"percentile":0.99075},"CVE-2023-27351":{"epss":0.7842,"percentile":0.9953},"CVE-2023-36424":{"epss":0.12184,"percentile":0.95661},"CVE-2023-41974":{"epss":0.0141,"percentile":0.69402},"CVE-2023-43000":{"epss":0.03955,"percentile":0.8918},"CVE-2023-52163":{"epss":0.96434,"percentile":0.99873},"CVE-2024-1708":{"epss":0.87624,"percentile":0.99737},"CVE-2024-21182":{"epss":0.49689,"percentile":0.98755},"CVE-2024-27199":{"epss":0.99991,"percentile":0.99985},"CVE-2024-37079":{"epss":0.22377,"percentile":0.97403},"CVE-2024-43468":{"epss":0.60661,"percentile":0.99035},"CVE-2024-57726":{"epss":0.09328,"percentile":0.94776},"CVE-2024-57728":{"epss":0.07549,"percentile":0.9378},"CVE-2024-7399":{"epss":0.91941,"percentile":0.99806},"CVE-2024-7694":{"epss":0.01807,"percentile":0.75941},"CVE-2025-11953":{"epss":0.62378,"percentile":0.99081},"CVE-2025-14733":{"epss":0.18047,"percentile":0.96837},"CVE-2025-14847":{"epss":0.83007,"percentile":0.99635},"CVE-2025-15556":{"epss":0.01268,"percentile":0.66244},"CVE-2025-26399":{"epss":0.8833,"percentile":0.99751},"CVE-2025-29635":{"epss":0.87239,"percentile":0.99729},"CVE-2025-2749":{"epss":0.03854,"percentile":0.8888},"CVE-2025-31125":{"epss":0.58765,"percentile":0.98993},"CVE-2025-31277":{"epss":0.01481,"percentile":0.70809},"CVE-2025-32432":{"epss":0.99803,"percentile":0.99956},"CVE-2025-32975":{"epss":0.02417,"percentile":0.82159},"CVE-2025-34026":{"epss":0.83479,"percentile":0.99649},"CVE-2025-34291":{"epss":0.7889,"percentile":0.99545},"CVE-2025-37164":{"epss":0.89733,"percentile":0.99774},"CVE-2025-40536":{"epss":0.81624,"percentile":0.99599},"CVE-2025-40551":{"epss":0.8413,"percentile":0.99663},"CVE-2025-43510":{"epss":0.00348,"percentile":0.26859},"CVE-2025-43520":{"epss":0.00401,"percentile":0.32072},"CVE-2025-47813":{"epss":0.56366,"percentile":0.98936},"CVE-2025-48595":{"epss":0.01714,"percentile":0.74628},"CVE-2025-48700":{"epss":0.01761,"percentile":0.75284},"CVE-2025-49113":{"epss":0.89462,"percentile":0.99768},"CVE-2025-52691":{"epss":0.85457,"percentile":0.99694},"CVE-2025-53521":{"epss":0.02246,"percentile":0.80743},"CVE-2025-54068":{"epss":0.95376,"percentile":0.99858},"CVE-2025-54313":{"epss":0.04146,"percentile":0.89626},"CVE-2025-60710":{"epss":0.04601,"percentile":0.90529},"CVE-2025-64328":{"epss":0.84618,"percentile":0.99675},"CVE-2025-66376":{"epss":0.12009,"percentile":0.9562},"CVE-2025-67038":{"epss":0.01094,"percentile":0.61505},"CVE-2025-68461":{"epss":0.19769,"percentile":0.97085},"CVE-2025-68613":{"epss":0.97875,"percentile":0.999},"CVE-2025-68645":{"epss":0.31769,"percentile":0.98086},"CVE-2025-8110":{"epss":0.7654,"percentile":0.99482},"CVE-2026-0257":{"epss":0.86678,"percentile":0.99716},"CVE-2026-0300":{"epss":0.36157,"percentile":0.98284},"CVE-2026-10520":{"epss":0.99041,"percentile":0.99925},"CVE-2026-11645":{"epss":0.01654,"percentile":0.73719},"CVE-2026-12569":{"epss":0.01106,"percentile":0.61851},"CVE-2026-1281":{"epss":0.81231,"percentile":0.99591},"CVE-2026-1340":{"epss":0.8404,"percentile":0.99662},"CVE-2026-1603":{"epss":0.81089,"percentile":0.99588},"CVE-2026-1731":{"epss":0.86091,"percentile":0.99705},"CVE-2026-20045":{"epss":0.04307,"percentile":0.8997},"CVE-2026-20122":{"epss":0.07016,"percentile":0.93395},"CVE-2026-20127":{"epss":0.57793,"percentile":0.98968},"CVE-2026-20128":{"epss":0.05269,"percentile":0.91565},"CVE-2026-20131":{"epss":0.27551,"percentile":0.97834},"CVE-2026-20133":{"epss":0.10245,"percentile":0.95121},"CVE-2026-20182":{"epss":0.87693,"percentile":0.99739},"CVE-2026-20230":{"epss":0.41694,"percentile":0.98513},"CVE-2026-20245":{"epss":0.25323,"percentile":0.97683},"CVE-2026-20253":{"epss":0.88171,"percentile":0.99749},"CVE-2026-20262":{"epss":0.07683,"percentile":0.93866},"CVE-2026-20700":{"epss":0.01319,"percentile":0.67382},"CVE-2026-20805":{"epss":0.05028,"percentile":0.91225},"CVE-2026-20963":{"epss":0.31109,"percentile":0.98049},"CVE-2026-21385":{"epss":0.01068,"percentile":0.60728},"CVE-2026-21509":{"epss":0.72152,"percentile":0.99359},"CVE-2026-21510":{"epss":0.25835,"percentile":0.9772},"CVE-2026-21513":{"epss":0.15384,"percentile":0.96387},"CVE-2026-21514":{"epss":0.01517,"percentile":0.71495},"CVE-2026-21519":{"epss":0.0242,"percentile":0.82175},"CVE-2026-21525":{"epss":0.04956,"percentile":0.9113},"CVE-2026-21533":{"epss":0.03846,"percentile":0.8886},"CVE-2026-21643":{"epss":0.94085,"percentile":0.99836},"CVE-2026-22719":{"epss":0.17424,"percentile":0.96753},"CVE-2026-22769":{"epss":0.13131,"percentile":0.95891},"CVE-2026-23760":{"epss":0.96268,"percentile":0.99871},"CVE-2026-24061":{"epss":0.98871,"percentile":0.99921},"CVE-2026-24423":{"epss":0.87693,"percentile":0.99739},"CVE-2026-24858":{"epss":0.85844,"percentile":0.99701},"CVE-2026-25108":{"epss":0.04974,"percentile":0.91156},"CVE-2026-28318":{"epss":0.10659,"percentile":0.95258},"CVE-2026-2441":{"epss":0.2202,"percentile":0.97368},"CVE-2026-31431":{"epss":0.96267,"percentile":0.9987},"CVE-2026-32201":{"epss":0.24172,"percentile":0.97582},"CVE-2026-32202":{"epss":0.64095,"percentile":0.99128},"CVE-2026-33017":{"epss":0.98412,"percentile":0.99912},"CVE-2026-33634":{"epss":0.60368,"percentile":0.9903},"CVE-2026-33825":{"epss":0.06749,"percentile":0.93179},"CVE-2026-34197":{"epss":0.96666,"percentile":0.99876},"CVE-2026-34621":{"epss":0.07086,"percentile":0.93455},"CVE-2026-34908":{"epss":0.02452,"percentile":0.8243},"CVE-2026-34909":{"epss":0.02269,"percentile":0.8093},"CVE-2026-34910":{"epss":0.78555,"percentile":0.99535},"CVE-2026-34926":{"epss":0.12682,"percentile":0.95775},"CVE-2026-35273":{"epss":0.9233,"percentile":0.99811},"CVE-2026-35616":{"epss":0.88505,"percentile":0.99754},"CVE-2026-39987":{"epss":0.95645,"percentile":0.99861},"CVE-2026-3055":{"epss":0.83996,"percentile":0.99661},"CVE-2026-3502":{"epss":0.0575,"percentile":0.92162},"CVE-2026-3909":{"epss":0.01629,"percentile":0.73327},"CVE-2026-3910":{"epss":0.02,"percentile":0.78351},"CVE-2026-41091":{"epss":0.08371,"percentile":0.94292},"CVE-2026-41940":{"epss":0.981,"percentile":0.99905},"CVE-2026-42208":{"epss":0.86607,"percentile":0.99715},"CVE-2026-42271":{"epss":0.80188,"percentile":0.9957},"CVE-2026-42897":{"epss":0.0564,"percentile":0.92011},"CVE-2026-45247":{"epss":0.27546,"percentile":0.97834},"CVE-2026-45321":{"epss":0.02342,"percentile":0.81578},"CVE-2026-45498":{"epss":0.63076,"percentile":0.991},"CVE-2026-45659":{"epss":0.03219,"percentile":0.86681},"CVE-2026-48027":{"epss":0.0185,"percentile":0.76539},"CVE-2026-48172":{"epss":0.18914,"percentile":0.96951},"CVE-2026-48558":{"epss":0.0116,"percentile":0.63287},"CVE-2026-48907":{"epss":0.80425,"percentile":0.99574},"CVE-2026-50751":{"epss":0.70099,"percentile":0.99298},"CVE-2026-54420":{"epss":0.01261,"percentile":0.66072},